,"Cash receipts by selected commodity, 1910-2021F
Nominal (current dollars)",,,,,,,,,,,,,,,,,,,,,,,,,,,,,,,,,,,,,,,,,,,,,,,,,,,,,,,,,,,,,,,,,,,,,,,,,,,,,,,,,,,,,,,,,,,,,,,,,,,,,,,,,,,,,,,,,
,,,,,,,,,,,,,,,,,,,,,,,,,,,,,,,,,,,,,,,,,,,,,,,,,,,,,,,,,,,,,,,,,,,,,,,,,,,,,,,,,,,,,,,,,,,,,,,,,,,,,,,,,,,,,,,,,,
United States,,1910,1911,1912,1913,1914,,1915,1916,1917,1918,1919,1920,1921,1922,1923,1924,1925,1926,1927,1928,1929,1930,1931,1932,1933,1934,1935,1936,1937,1938,1939,1940,1941,1942,1943,1944,1945,1946,1947,1948,1949,1950,1951,1952,1953,1954,1955,1956,1957,1958,1959,1960,1961,1962,1963,1964,1965,1966,1967,1968,1969,1970,1971,1972,1973,1974,1975,1976,1977,1978,1979,1980,1981,1982,1983,1984,1985,1986,1987,1988,1989,1990,1991,1992,1993,1994,1995,1996,1997,1998,1999,2000,2001,2002,2003,2004,2005,2006,2007,2008,2009,2010,2011,2012,2013,2014,2015,2016,2017,2018,2019,2020F,2021F
,,"$1,000     ","$1,000     ","$1,000     ","$1,000     ","$1,000     ",,"$1,000     ","$1,000     ","$1,000     ","$1,000     ","$1,000     ","$1,000     ","$1,000     ","$1,000     ","$1,000     ","$1,000     ","$1,000     ","$1,000     ","$1,000     ","$1,000     ","$1,000     ","$1,000     ","$1,000     ","$1,000     ","$1,000     ","$1,000     ","$1,000     ","$1,000     ","$1,000     ","$1,000     ","$1,000     ","$1,000     ","$1,000     ","$1,000     ","$1,000     ","$1,000     ","$1,000     ","$1,000     ","$1,000     ","$1,000     ","$1,000     ","$1,000     ","$1,000     ","$1,000     ","$1,000     ","$1,000     ","$1,000     ","$1,000     ","$1,000     ","$1,000     ","$1,000     ","$1,000     ","$1,000     ","$1,000     ","$1,000     ","$1,000     ","$1,000     ","$1,000     ","$1,000     ","$1,000     ","$1,000     ","$1,000     ","$1,000     ","$1,000     ","$1,000     ","$1,000     ","$1,000     ","$1,000     ","$1,000     ","$1,000     ","$1,000     ","$1,000     ","$1,000     ","$1,000     ","$1,000     ","$1,000     ","$1,000     ","$1,000     ","$1,000     ","$1,000     ","$1,000     ","$1,000     ","$1,000     ","$1,000     ","$1,000     ","$1,000     ","$1,000     ","$1,000     ","$1,000     ","$1,000     ","$1,000     ","$1,000     ","$1,000     ","$1,000     ","$1,000     ","$1,000     ","$1,000     ","$1,000     ","$1,000     ","$1,000     ","$1,000     ","$1,000     ","$1,000     ","$1,000     ","$1,000     ","$1,000     ","$1,000     ","$1,000     ","$1,000     ","$1,000     ","$1,000     ","$1,000     ","$1,000     "
,,,,,,,,,,,,,,,,,,,,,,,,,,,,,,,,,,,,,,,,,,,,,,,,,,,,,,,,,,,,,,,,,,,,,,,,,,,,,,,,,,,,,,,,,,,,,,,,,,,,,,,,,,,,,,,,,,
All commodities,,"5,780,000","5,584,000","6,008,000","6,238,000","6,036,000",,"6,392,000","7,746,000","10,736,000","13,467,000","14,538,000","12,600,000","8,058,000","8,575,000","9,545,000","10,222,462","10,997,627","10,565,353","10,757,964","11,074,455","11,305,718","9,055,000","6,382,000","4,750,429","5,333,000","6,357,000","7,086,196","8,372,318","8,860,167","7,685,986","7,878,610","8,343,443","11,156,656","15,316,418","19,339,512","19,789,987","21,663,000","24,802,000","29,620,000","30,227,000","27,816,906","28,461,015","32,857,700","32,527,960","31,001,355","29,832,162","29,490,453","30,401,612","29,714,250","33,455,907","33,647,298","34,012,148","35,163,481","36,468,521","37,477,136","37,325,734","39,364,894","43,435,086","42,817,365","44,183,457","48,179,167","50,508,794","52,748,097","61,105,694","86,886,069","92,390,659","88,865,328","95,355,208","96,234,850","112,360,224","131,529,228","139,736,457","141,615,829","142,561,766","136,770,378","142,783,951","143,983,821","135,360,854","141,796,981","151,259,540","160,493,386","169,344,223","168,033,247","171,470,205","178,300,604","181,427,380","188,202,600","199,431,778","207,789,752","196,457,220","187,814,689","192,097,825","200,026,456","194,588,257","215,971,148","237,853,261","240,897,821","240,623,888","288,545,936","314,309,497","291,633,099","321,196,453","365,857,566","401,390,238","404,085,722","423,970,804","377,432,066","358,481,924","370,427,294","371,424,695","369,321,157","370,376,736","390,784,379"
,,,,,,,,,,,,,,,,,,,,,,,,,,,,,,,,,,,,,,,,,,,,,,,,,,,,,,,,,,,,,,,,,,,,,,,,,,,,,,,,,,,,,,,,,,,,,,,,,,,,,,,,,,,,,,,,,,
Animals and products,,"2,851,000","2,679,000","2,913,000","3,161,000","3,137,000",,"3,129,000","3,711,000","5,094,000","6,493,000","6,935,000","5,956,000","3,952,000","4,275,000","4,680,000","4,805,820","5,469,483","5,674,755","5,598,714","6,027,608","6,177,642","5,187,000","3,842,000","2,753,000","2,847,000","3,336,000","4,107,816","4,715,420","4,902,089","4,495,969","4,511,933","4,873,088","6,439,100","8,987,175","11,359,486","11,185,511","12,008,000","13,786,000","16,527,000","17,129,000","15,412,386","16,104,952","19,618,818","18,237,976","16,923,191","16,276,088","15,967,248","16,363,330","17,376,146","19,226,947","18,904,167","18,988,991","19,513,279","20,158,239","20,046,722","19,947,430","21,886,183","25,026,514","24,383,015","25,487,272","28,573,270","29,532,211","30,478,923","35,583,182","45,772,043","41,325,925","43,088,763","46,323,241","47,634,815","59,162,217","69,236,125","67,990,522","69,150,543","70,258,393","69,605,878","72,895,061","70,114,476","71,553,479","75,996,441","79,639,741","83,603,693","89,109,510","85,787,317","85,750,151","90,544,545","88,293,906","87,217,115","92,948,988","96,475,245","94,248,879","95,713,865","99,596,567","106,674,870","93,934,699","105,671,501","123,472,726","124,931,103","118,498,682","138,478,570","140,432,476","120,067,867","140,870,957","164,858,428","169,818,778","183,137,335","212,290,239","189,515,589","162,730,663","175,559,718","176,330,553","175,993,463","166,454,817","175,035,218"
Meat animals,,"1,626,000","1,500,000","1,641,000","1,855,000","1,814,000",,"1,768,000","2,208,000","3,109,000","4,091,000","4,045,000","3,079,000","1,841,000","2,204,000","2,229,000","2,363,443","2,777,584","2,883,331","2,770,633","2,995,344","3,015,982","2,480,284","1,742,254","1,158,039","1,227,819","1,467,326","1,896,656","2,269,497","2,350,352","2,190,019","2,272,304","2,397,571","3,246,303","4,791,848","5,865,433","5,704,813","5,900,000","7,041,000","9,295,000","9,354,000","8,325,075","9,280,943","11,359,894","10,060,986","8,678,097","8,868,047","8,255,130","8,321,169","9,336,078","11,046,970","10,952,097","10,574,228","11,009,249","11,662,568","11,458,825","11,136,640","12,877,904","14,932,375","14,660,726","15,373,702","17,657,295","18,444,848","19,420,312","23,906,975","30,254,799","25,159,282","25,822,403","27,174,374","27,893,080","37,454,759","44,553,625","41,232,593","39,748,208","40,917,288","39,073,636","40,750,146","38,704,432","39,080,780","44,477,969","46,701,062","46,372,262","51,131,683","50,132,104","47,748,126","50,968,724","46,662,024","44,865,002","44,154,225","49,685,904","43,406,188","45,659,875","53,011,551","53,331,808","48,117,886","56,460,036","62,274,567","64,813,168","63,688,094","65,060,482","64,421,936","58,360,826","69,144,199","83,953,111","88,182,234","91,555,897","107,566,114","98,805,765","82,729,079","87,974,760","87,919,394","88,254,232","83,091,360","90,198,500"
Cattle and calves,,"851,000","784,000","885,000","999,000","985,000",,"966,000","1,132,000","1,651,000","2,029,000","1,921,000","1,528,000","876,000","1,037,000","1,043,000","1,118,810","1,252,084","1,271,278","1,335,901","1,555,762","1,494,760","1,183,573","838,006","620,561","599,485","815,398","1,062,426","1,113,564","1,238,924","1,162,422","1,289,658","1,381,084","1,717,912","2,293,305","2,581,200","2,606,633","3,318,000","3,761,000","4,967,000","5,285,000","4,861,030","5,679,500","6,996,923","6,193,432","4,822,335","5,086,759","5,221,788","5,360,790","6,187,423","7,319,665","7,835,817","7,380,490","7,559,860","8,182,185","8,113,174","7,784,946","8,941,775","10,429,677","10,549,863","11,263,932","12,571,611","13,633,170","14,985,864","18,236,654","22,336,212","17,843,774","17,520,176","19,293,596","20,225,345","28,248,125","35,025,454","31,819,375","29,537,848","29,813,318","28,860,557","30,588,895","29,002,305","28,865,105","33,583,264","36,854,804","36,429,152","39,191,819","38,696,618","37,272,292","39,486,978","36,253,054","34,044,036","30,976,868","35,999,622","33,442,847","36,568,558","40,783,474","40,540,660","38,095,143","45,341,079","47,429,896","49,283,094","49,110,334","49,843,326","48,394,131","43,720,324","51,246,136","62,321,217","66,090,126","67,849,440","81,076,720","78,252,807","63,691,327","66,936,726","67,038,059","66,239,043","62,013,996","65,958,605"
Hogs,,"670,000","617,000","647,000","741,000","713,000",,"691,000","949,000","1,299,000","1,866,000","1,911,000","1,385,000","857,000","1,024,000","1,027,000","1,063,975","1,318,612","1,407,212","1,237,499","1,218,466","1,296,765","1,135,500","774,228","444,592","523,866","520,631","681,804","991,086","924,965","870,207","810,149","836,109","1,301,625","2,191,411","2,942,206","2,795,624","2,263,000","2,917,000","3,926,000","3,660,000","3,125,404","3,213,980","3,899,913","3,480,270","3,545,751","3,454,526","2,715,354","2,631,532","2,853,578","3,376,513","2,783,912","2,868,623","3,152,383","3,161,521","3,033,284","3,033,518","3,607,520","4,169,060","3,809,203","3,794,590","4,742,253","4,477,929","4,111,580","5,316,518","7,529,002","6,946,761","7,916,423","7,487,674","7,281,362","8,753,699","9,057,751","8,942,539","9,794,285","10,658,838","9,790,233","9,701,350","9,033,241","9,734,409","10,336,628","9,221,199","9,455,931","11,525,452","11,036,132","10,016,503","10,948,470","9,898,434","10,254,866","12,565,187","13,053,680","9,485,547","8,624,295","11,757,943","12,394,562","9,602,110","10,616,057","14,336,266","14,970,027","14,105,864","14,750,486","16,027,805","14,640,502","17,898,063","21,631,894","22,092,108","23,706,457","26,489,394","20,552,958","19,037,752","21,038,034","20,881,335","22,015,189","21,077,364","24,239,894"
"Dairy products, Milk",,"597,000","577,000","630,000","669,000","667,000",,"686,000","764,000","1,030,000","1,250,000","1,522,000","1,529,000","1,200,000","1,171,000","1,425,000","1,405,662","1,514,725","1,566,098","1,685,156","1,755,772","1,838,489","1,607,441","1,277,000","986,000","1,004,000","1,146,000","1,310,204","1,477,882","1,524,771","1,387,926","1,345,522","1,516,491","1,896,971","2,335,552","2,809,083","2,969,361","3,021,000","3,709,000","4,013,000","4,389,000","3,751,280","3,719,002","4,253,961","4,566,994","4,366,050","4,114,022","4,217,065","4,485,090","4,628,039","4,556,987","4,604,041","4,759,957","4,932,290","4,859,636","4,860,891","5,026,833","5,037,727","5,533,398","5,742,231","5,957,282","6,195,672","6,526,563","6,812,035","7,135,682","8,090,160","9,453,647","9,922,533","11,428,455","11,751,730","12,724,074","14,641,918","16,364,999","18,095,226","18,233,554","18,747,732","17,931,425","18,074,462","17,723,533","17,726,646","17,631,666","19,357,305","20,152,604","18,006,612","19,736,250","19,261,516","19,983,347","19,879,611","22,785,017","20,940,261","24,105,134","23,189,113","20,586,629","24,685,667","20,582,238","21,231,059","27,366,854","26,704,863","23,412,552","35,453,399","34,846,236","24,321,032","31,372,346","39,531,306","37,064,731","40,282,881","49,351,199","35,716,849","34,546,316","37,940,662","35,242,255","40,498,398","40,621,946","39,795,155"
Poultry and eggs,,"484,000","452,000","482,000","479,000","500,000",,"499,000","554,000","739,000","872,000","1,106,000","1,148,000","820,000","796,000","889,000","908,659","1,037,642","1,085,755","1,016,653","1,110,493","1,187,437","985,316","733,569","551,718","504,947","604,440","785,975","813,015","847,526","792,088","756,984","809,298","1,107,183","1,651,785","2,446,452","2,295,493","2,817,000","2,754,000","2,957,000","3,135,000","3,110,029","2,839,008","3,604,967","3,329,996","3,602,041","3,013,017","3,224,049","3,254,065","3,076,026","3,352,991","2,991,026","3,292,406","3,212,189","3,262,454","3,344,018","3,381,069","3,583,594","4,146,032","3,622,082","3,797,660","4,377,083","4,248,146","3,952,460","4,181,995","6,909,738","6,219,591","6,810,241","7,155,287","7,212,464","8,109,932","8,923,106","9,159,704","9,949,077","9,520,028","9,980,581","12,245,116","11,302,634","12,701,143","11,515,483","12,868,435","15,377,284","15,289,018","15,153,546","15,527,511","17,359,132","18,480,631","19,075,734","22,455,175","22,259,690","22,968,035","22,917,544","21,854,088","24,633,005","21,142,276","23,749,796","29,473,433","28,834,009","26,643,934","33,113,441","35,975,951","31,652,549","34,690,177","35,412,413","38,288,247","44,436,132","48,472,262","48,291,673","38,799,407","42,787,880","46,238,294","40,359,695","35,790,208","37,977,049"
Broilers,,NA,NA,NA,NA,NA,,NA,NA,NA,NA,NA,NA,NA,NA,NA,NA,NA,NA,NA,NA,NA,NA,NA,NA,NA,NA,NA,NA,NA,NA,NA,NA,NA,NA,NA,NA,NA,NA,NA,NA,NA,"946,001","956,095","1,131,972","1,118,064","999,867","1,067,148","1,032,581","1,041,097","1,171,265","1,045,780","1,015,892","947,433","1,048,826","1,062,904","1,070,124","1,217,383","1,371,006","1,222,641","1,325,665","1,531,404","1,463,777","1,493,700","1,646,530","2,738,973","2,456,447","2,953,039","2,918,342","3,103,465","3,714,781","4,026,013","4,302,883","4,646,150","4,461,072","4,872,705","6,020,067","5,668,272","6,784,090","6,177,126","7,435,105","8,777,668","8,365,470","8,383,046","9,176,537","10,415,826","11,371,723","11,762,222","13,904,023","14,158,926","15,146,560","15,127,787","13,989,424","16,694,530","13,437,700","15,214,956","20,446,109","20,877,923","17,852,894","21,513,538","23,203,136","21,822,804","23,691,553","22,987,822","24,827,800","30,761,669","32,728,234","28,716,398","25,935,852","30,232,203","31,749,919","28,313,919","21,974,245","24,298,231"
Miscellaneous animals and products,,"144,000","150,000","160,000","158,000","156,000",,"176,000","185,000","216,000","280,000","262,000","200,000","91,000","104,000","137,000","128,056","139,532","139,571","126,272","165,999","135,734","113,959","89,177","57,243","110,234","118,234","114,981","155,026","179,440","125,936","137,123","149,728","188,643","207,990","238,518","215,844","270,000","282,000","262,000","251,000","226,002","265,999","399,996","280,000","277,003","281,002","271,004","303,006","336,003","269,999","357,003","362,400","359,551","373,581","382,988","402,888","386,958","414,709","357,976","358,628","343,220","312,654","294,116","358,530","517,346","493,405","533,586","565,125","777,541","873,452","1,117,476","1,233,226","1,358,032","1,587,523","1,803,929","1,968,374","2,032,948","2,048,023","2,276,343","2,438,578","2,496,842","2,536,205","2,495,055","2,738,264","2,955,173","3,167,904","3,396,768","3,554,571","3,589,390","3,769,522","3,947,333","4,144,299","4,024,390","4,092,299","4,230,610","4,357,872","4,579,063","4,754,102","4,851,248","5,188,353","5,733,460","5,664,235","5,961,598","6,283,566","6,862,426","6,900,663","6,701,302","6,655,861","6,856,416","6,930,610","6,881,138","6,951,303","7,064,514"
,,,,,,,,,,,,,,,,,,,,,,,,,,,,,,,,,,,,,,,,,,,,,,,,,,,,,,,,,,,,,,,,,,,,,,,,,,,,,,,,,,,,,,,,,,,,,,,,,,,,,,,,,,,,,,,,,,
Crops,,"2,929,000","2,905,000","3,095,000","3,077,000","2,899,000",,"3,263,000","4,035,000","5,642,000","6,974,000","7,603,000","6,644,000","4,106,000","4,300,000","4,865,000","5,416,642","5,528,144","4,890,598","5,159,250","5,046,847","5,128,076","3,868,000","2,540,000","1,997,429","2,486,000","3,021,000","2,978,380","3,656,898","3,958,078","3,190,017","3,366,677","3,470,355","4,717,556","6,329,243","7,980,026","8,604,476","9,655,000","11,016,000","13,093,000","13,098,000","12,404,520","12,356,063","13,238,882","14,289,984","14,078,164","13,556,074","13,523,205","14,038,282","12,338,104","14,228,960","14,743,131","15,023,157","15,650,202","16,310,282","17,430,414","17,378,304","17,478,711","18,408,572","18,434,350","18,696,185","19,605,897","20,976,583","22,269,174","25,522,512","41,114,026","51,064,734","45,776,565","49,031,967","48,600,035","53,198,007","62,293,103","71,745,935","72,465,286","72,303,373","67,164,500","69,888,890","73,869,345","63,807,375","65,800,540","71,619,799","76,889,693","80,234,713","82,245,930","85,720,054","87,756,059","93,133,474","100,985,485","106,482,790","111,314,507","102,208,341","92,100,824","92,501,258","93,351,586","100,653,558","110,299,647","114,380,535","115,966,718","122,125,206","150,067,366","173,877,021","171,565,232","180,325,496","200,999,139","231,571,461","220,948,387","211,680,565","187,916,477","195,751,261","194,867,576","195,094,142","193,327,694","203,921,920","215,749,161"
Food grains,,"532,000","482,000","532,000","537,000","716,000",,"822,000","912,000","1,187,000","1,703,000","1,743,000","1,535,000","907,000","749,000","679,000","888,365","914,540","907,821","973,165","837,985","789,273","504,046","296,083","218,893","335,413","348,141","415,879","497,611","657,373","443,161","473,105","477,178","754,742","940,708","944,126","1,187,451","1,563,000","1,841,000","2,753,000","2,629,000","2,254,361","1,940,979","2,003,981","2,557,996","2,456,027","2,327,012","1,990,032","2,148,044","1,868,016","2,441,993","2,232,020","2,449,734","2,467,780","2,507,226","2,562,030","1,992,918","2,041,543","2,373,279","2,361,377","2,087,560","2,214,442","2,542,148","2,484,650","3,498,002","7,193,603","8,580,735","8,195,336","7,111,900","6,055,076","5,839,238","9,046,893","10,402,389","11,619,493","11,411,973","9,712,997","9,730,562","8,863,628","5,723,375","5,790,126","7,469,449","8,246,637","7,480,534","7,325,418","8,467,472","8,179,928","9,545,017","10,356,029","10,795,279","10,410,552","8,808,374","6,931,289","6,525,027","6,385,012","6,787,802","7,965,136","8,937,840","8,611,410","9,089,720","13,559,548","17,749,313","15,267,410","14,314,379","16,527,336","19,292,117","17,236,764","16,058,149","12,296,220","11,288,344","11,201,209","12,117,509","11,516,423","11,671,592","11,993,333"
Rice,,NA,NA,NA,NA,NA,,NA,NA,NA,NA,NA,NA,NA,NA,NA,"43,079","39,204","40,118","42,787","38,068","37,678","32,776","26,037","15,399","21,858","24,171","37,354","31,556","32,607","34,041","31,503","40,472","54,829","90,729","124,554","105,579",NA,NA,NA,NA,NA,"182,234","188,149","293,907","246,088","262,860","250,786","270,699","175,690","229,674","230,415","243,869","275,255","304,369","354,008","350,540","377,132","405,468","440,620","515,451","471,639","446,571","453,546","509,690","1,076,418","1,198,403","1,136,012","1,080,693","950,897","1,113,832","1,188,036","1,519,328","1,729,357","1,515,253","882,367","1,095,611","1,042,113","720,329","720,486","1,086,039","941,519","1,052,065","1,027,243","1,255,831","698,553","1,665,187","1,282,392","1,567,503","1,682,742","1,720,455","1,500,440","836,622","1,028,873","881,589","1,224,555","1,768,304","1,588,897","1,775,500","2,086,318","3,105,037","3,444,717","3,263,489","3,000,118","2,721,508","3,162,460","3,456,574","2,803,054","2,377,544","2,423,282","2,518,361","2,752,180","2,775,508","2,902,845"
Wheat,,NA,NA,NA,NA,NA,,NA,NA,NA,NA,NA,NA,NA,NA,NA,"803,000","848,000","846,000","899,000","774,000","731,000","451,447","265,723","199,757","304,030","316,725","372,178","450,859","604,910","400,538","432,586","428,341","686,990","837,046","800,939","1,069,841",NA,NA,NA,NA,NA,"1,735,807","1,792,086","2,241,034","2,194,514","2,044,131","1,693,000","1,853,985","1,674,934","2,189,583","1,981,944","2,184,150","2,168,063","2,170,835","2,178,899","1,615,224","1,636,698","1,940,878","1,897,530","1,552,000","1,718,572","2,067,361","1,995,665","2,957,246","6,065,000","7,335,000","7,028,000","6,003,277","5,077,247","4,688,522","7,823,358","8,853,785","9,851,840","9,855,921","8,777,059","8,576,204","7,782,000","4,975,434","5,044,246","6,360,967","7,285,810","6,412,268","6,282,902","7,194,075","7,464,302","7,859,433","9,054,457","9,208,694","8,709,492","7,062,817","5,407,363","5,671,910","5,343,611","5,894,029","6,725,263","7,150,574","7,005,124","7,297,990","11,447,826","14,609,368","11,788,715","11,020,648","13,494,018","16,537,838","14,024,326","12,544,819","9,426,738","8,839,274","8,703,472","9,514,584","8,675,815","8,834,786","9,026,959"
Feed crops,,"601,000","559,000","621,000","567,000","555,000",,"618,000","715,000","1,043,000","1,428,000","1,166,000","1,220,000","634,000","613,000","692,000","906,259","773,012","663,889","659,749","747,440","706,208","552,819","298,392","234,566","302,278","332,347","285,683","451,203","434,617","417,924","477,220","571,849","594,064","799,003","1,125,582","1,115,508","1,509,000","1,679,000","2,265,000","2,026,000","2,160,897","2,142,987","2,090,981","2,270,997","2,397,027","2,549,013","2,555,040","2,648,054","2,395,020","2,903,992","2,770,025","2,986,268","2,775,865","2,964,177","3,414,323","3,446,592","3,692,712","4,334,205","4,392,911","4,311,446","4,576,319","5,109,008","5,525,479","5,854,320","10,605,357","13,934,676","12,183,354","13,127,058","11,906,226","11,426,989","14,040,490","18,307,595","17,770,261","17,408,588","15,558,855","16,137,705","22,276,424","16,992,713","14,634,697","14,280,830","17,049,052","18,671,665","19,327,280","20,093,292","20,188,665","20,299,553","24,504,521","27,235,411","27,086,775","22,578,380","19,527,517","20,545,743","21,454,863","24,043,472","24,746,752","27,405,592","24,589,872","29,386,073","42,321,639","58,433,368","51,057,443","55,142,761","71,733,544","82,136,536","70,845,938","65,888,944","56,930,107","55,443,315","53,920,441","57,340,254","58,923,133","58,233,546","64,719,913"
Corn,,NA,NA,NA,NA,NA,,NA,NA,NA,NA,NA,NA,NA,NA,NA,"476,412","407,110","361,512","349,810","423,750","398,471","305,271","151,222","109,844","174,794","191,223","124,729","264,918","222,693","268,516","318,931","387,194","349,635","460,885","586,772","611,721",NA,NA,NA,NA,NA,"1,130,675","1,103,236","1,274,791","1,546,886","1,463,499","1,435,000","1,498,000","1,239,000","1,510,000","1,581,000","1,761,564","1,548,642","1,719,265","2,013,927","2,046,064","2,180,276","2,659,732","2,747,420","2,696,377","2,887,059","3,325,773","3,596,285","3,734,726","7,269,582","9,919,708","8,530,023","9,469,610","8,628,617","8,245,664","10,278,716","13,959,070","13,349,051","12,764,000","10,854,663","10,909,183","16,879,679","12,396,644","9,982,991","8,922,696","11,393,888","13,347,666","14,436,685","14,665,445","14,607,924","14,642,639","18,893,416","20,730,472","20,033,154","17,201,284","14,663,064","15,162,100","15,316,854","17,866,744","18,935,840","21,174,529","18,486,488","22,879,782","34,054,532","48,434,727","43,022,959","47,540,191","62,740,976","72,020,286","59,957,285","54,478,683","47,023,123","46,622,697","45,554,663","48,596,052","49,361,265","47,957,350","54,688,958"
Cotton,,"880,000","855,000","852,000","968,000","602,000",,"830,000","1,148,000","1,604,000","1,784,000","2,282,000","1,476,000","852,000","1,148,000","1,569,000","1,663,047","1,761,817","1,222,047","1,499,860","1,452,531","1,511,817","824,145","496,956","460,694","577,551","862,854","711,786","904,879","883,289","646,973","626,864","646,842","1,045,458","1,236,598","1,317,600","1,490,164","1,208,000","1,473,000","2,245,000","2,553,000","2,636,960","2,434,012","2,857,975","2,975,997","3,179,039","2,702,015","2,568,000","2,515,000","1,750,000","2,143,000","2,676,000","2,361,326","2,468,863","2,551,522","2,837,842","2,521,225","2,330,343","1,588,097","1,095,043","1,315,896","1,363,934","1,254,304","1,487,471","1,841,892","2,798,252","2,892,788","2,310,744","3,476,558","3,470,205","3,537,561","4,330,142","4,447,096","4,055,091","4,456,545","3,704,896","3,674,246","3,686,502","3,371,188","4,189,135","4,525,060","5,025,638","5,488,395","5,236,421","5,191,827","5,249,679","6,737,773","6,850,629","6,983,125","6,345,803","6,072,960","4,630,256","2,949,649","3,639,446","3,418,096","6,419,910","4,825,881","6,402,504","5,545,956","6,457,260","5,252,889","4,280,531","7,464,640","7,303,972","8,230,448","6,515,834","7,111,320","4,756,100","5,496,889","7,573,587","7,484,369","7,181,857","6,495,419","6,240,651"
Tobacco,,"102,000","96,000","108,000","135,000","99,000",,"93,000","139,000","242,000","343,000","500,000","295,000","253,000","249,000","276,000","259,367","258,877","238,913","245,217","247,102","278,321","243,883","156,768","115,219","156,539","235,908","242,505","243,169","320,518","294,035","271,061","241,404","322,794","473,598","540,261","717,163","898,000","969,000","1,032,000","945,000","903,012","1,061,071","1,189,991","1,090,999","1,094,014","1,161,007","1,225,014","1,162,022","971,008","1,019,997","1,060,009","1,153,637","1,324,661","1,320,886","1,269,262","1,413,839","1,186,240","1,210,581","1,391,388","1,173,312","1,296,371","1,387,861","1,327,798","1,442,144","1,569,715","2,097,147","2,155,022","2,309,587","2,330,578","2,603,928","2,270,706","2,671,956","3,250,271","3,340,205","2,751,797","2,812,570","2,698,546","1,893,884","1,815,568","2,068,552","2,410,192","2,733,496","2,881,115","2,958,005","2,948,542","2,655,516","2,548,235","2,796,016","2,873,023","2,804,984","2,275,052","2,315,779","1,894,764","1,743,429","1,602,392","1,577,423","1,097,081","1,156,674","1,284,098","1,371,512","1,465,580","1,335,561","1,139,738","1,347,847","1,564,990","1,728,991","1,606,619","1,337,542","1,378,695","1,246,889","1,003,929","846,033","824,695"
Oil crops,,"38,000","43,000","49,000","37,000","31,000",,"32,000","48,000","75,000","94,000","92,000","68,000","36,000","42,000","61,000","102,987","87,531","65,025","86,946","83,245","83,980","72,255","39,011","30,610","31,755","50,919","65,625","73,021","82,458","91,762","112,007","127,187","231,678","433,308","675,182","477,433","615,000","715,000","917,000","1,053,000","854,008","935,000","985,991","1,080,999","959,011","942,005","1,131,018","1,155,023","1,181,010","1,409,996","1,274,011","1,362,194","1,622,695","1,789,046","1,951,258","2,145,264","2,173,491","2,703,036","2,794,891","2,845,178","3,048,864","3,590,651","3,787,290","4,392,745","7,579,771","9,963,167","7,480,458","9,442,757","9,721,764","13,022,922","14,299,674","15,492,540","13,852,529","13,816,529","13,545,553","13,640,509","12,394,132","10,614,011","11,282,517","13,500,503","11,866,212","12,296,145","12,697,873","13,287,036","13,218,615","14,652,167","15,492,964","16,344,700","19,758,300","17,371,716","13,355,150","13,477,739","13,337,838","15,045,915","17,988,338","17,862,280","18,387,789","18,545,958","24,603,108","28,275,075","36,319,030","36,544,312","35,324,388","46,925,602","47,270,761","42,624,290","35,518,959","44,042,747","41,093,900","39,467,914","36,375,048","40,917,146","50,457,202"
Vegetables and melons,,"271,000","306,000","363,000","294,000","318,000",,"286,000","412,000","660,000","603,000","593,000","712,000","477,000","488,000","553,000","589,172","684,330","730,011","663,358","627,571","709,190","684,646","489,557","358,059","445,677","498,148","401,823","650,506","647,470","533,408","589,911","591,243","629,628","1,087,195","1,592,341","1,469,493","1,611,000","1,591,000","1,632,000","1,712,000","1,626,204","1,436,005","1,727,984","2,022,998","1,662,019","1,548,009","1,683,026","1,873,038","1,710,014","1,735,995","1,861,017","1,980,237","1,910,025","2,028,794","2,003,843","2,313,604","2,617,477","2,611,943","2,679,604","2,892,888","2,841,946","2,813,521","3,010,833","3,285,439","4,350,796","5,335,513","5,346,116","5,230,823","5,609,314","6,127,461","6,480,010","7,306,561","8,771,913","8,075,970","8,472,456","9,151,841","8,611,838","8,859,353","9,890,880","9,792,069","11,561,722","11,273,905","11,390,509","11,768,426","13,711,691","14,049,689","14,982,903","14,410,671","14,668,839","15,015,605","15,013,441","15,758,258","15,549,910","16,739,421","17,152,918","16,563,699","17,291,250","18,074,300","19,320,989","17,048,920","17,797,884","17,404,837","17,616,247","17,412,740","19,490,674","18,951,858","20,358,992","19,542,550","20,494,457","18,499,392","18,895,276","20,436,378","19,278,852"
Fruits and nuts,,"243,000","283,000","295,000","264,000","300,000",,"297,000","330,000","403,000","505,000","632,000","702,000","514,000","584,000","559,000","544,858","587,601","604,974","588,318","619,609","618,751","561,084","460,404","330,609","350,176","397,991","443,616","462,032","546,060","405,026","443,050","442,293","613,406","826,093","1,202,838","1,476,230","1,498,000","1,759,000","1,199,000","1,128,000","929,009","1,188,005","1,156,990","1,096,999","1,197,014","1,220,007","1,276,020","1,358,027","1,292,011","1,393,996","1,514,013","1,529,219","1,609,810","1,577,590","1,678,424","1,800,756","1,649,951","1,746,585","1,816,996","2,043,026","2,171,435","2,070,621","2,305,137","2,558,094","3,444,532","3,440,554","3,526,253","3,714,069","4,603,435","5,763,881","6,462,233","6,557,399","6,602,930","6,803,791","6,055,869","6,733,621","6,949,550","7,251,672","8,056,418","9,048,563","9,148,675","9,381,000","9,986,400","10,089,612","10,329,585","10,300,642","11,017,842","11,848,590","12,957,846","11,982,796","12,016,211","12,283,886","11,807,709","12,673,287","13,480,486","15,126,283","17,137,528","17,254,259","18,651,692","18,645,523","19,178,580","21,612,927","24,166,286","28,107,818","30,214,108","32,248,510","28,447,492","29,698,085","30,588,949","29,204,518","28,768,747","33,455,137","30,255,984"
All other crops,,"262,000","281,000","275,000","275,000","278,000",,"285,000","331,000","428,000","514,000","595,000","636,000","433,000","427,000","476,000","462,587","460,436","457,918","442,637","431,364","430,536","401,723","299,423","248,779","273,221","276,984","317,463","374,477","386,293","357,728","373,459","352,943","398,482","490,692","526,246","581,799","753,000","989,000","1,050,000","1,052,000","1,040,069","1,218,004","1,224,989","1,192,999","1,134,013","1,107,006","1,083,016","1,194,024","1,165,010","1,184,997","1,346,012","1,200,542","1,470,503","1,571,041","1,713,432","1,744,106","1,786,954","1,840,846","1,902,140","2,026,879","2,092,586","2,208,469","2,340,516","2,649,876","3,572,000","4,820,154","4,579,282","4,619,215","4,903,437","4,876,027","5,362,955","6,560,399","6,542,798","6,989,772","7,362,077","8,007,836","8,388,725","9,101,179","10,141,199","10,934,773","11,581,565","12,909,573","13,400,914","13,864,384","13,929,354","14,893,117","15,232,362","16,068,998","17,213,369","17,573,526","18,351,908","18,645,177","19,282,044","20,202,136","20,943,715","22,081,537","22,449,284","23,072,266","23,869,032","27,100,420","26,198,775","26,506,078","27,187,628","28,118,353","27,809,317","27,068,502","28,001,987","28,901,788","28,616,339","29,733,297","30,663,281","31,866,669","31,978,531"
,,,,,,,,,,,,,,,,,,,,,,,,,,,,,,,,,,,,,,,,,,,,,,,,,,,,,,,,,,,,,,,,,,,,,,,,,,,,,,,,,,,,,,,,,,,,,,,,,,,,,,,,,,,,,,,,,,
,"Footnotes
Data as of February 5, 2021
F = Forecast values.
'NA' indicates that commodity survey data is not available, and the value, if any, is instead included in either the 'all other crops' or 'miscellaneous animals and products' category, depending on the commodity type.
Values are rounded to the nearest thousand. When 'Real (2021 dollars)' is selected, nominal values are adjusted for inflation using the chain-type GDP deflator, base year=2021.
",,,,,,,,,,,,,,,,,,,,,,,,,,,,,,,,,,,,,,,,,,,,,,,,,,,,,,,,,,,,,,,,,,,,,,,,,,,,,,,,,,,,,,,,,,,,,,,,,,,,,,,,,,,,,,,,,
,,,,,,,,,,,,,,,,,,,,,,,,,,,,,,,,,,,,,,,,,,,,,,,,,,,,,,,,,,,,,,,,,,,,,,,,,,,,,,,,,,,,,,,,,,,,,,,,,,,,,,,,,,,,,,,,,,
,USDA/ERS Farm Income and Wealth Statistics,,,,,,,,,,,,,,,,,,,,,,,,,,,,,,,,,,,,,,,,,,,,,,,,,,,,,,,,,,,,,,,,,,,,,,,,,,,,,,,,,,,,,,,,,,,,,,,,,,,,,,,,,,,,,,,,,
,,,,,,,,,,,,,,,,,,,,,,,,,,,,,,,,,,,,,,,,,,,,,,,,,,,,,,,,,,,,,,,,,,,,,,,,,,,,,,,,,,,,,,,,,,,,,,,,,,,,,,,,,,,,,,,,,,